Customer ID,Sex,Demography,Marital Status,Education Level,Business Owner,No. of Dependents,Applicant Income,Co-Applicant Income,Loan Amount,Loan Term (Years),Credit History,Loan Status
1,Male,Urban,No,Graduate,No,0," 500,000 "," 130,000 ",,30,1,Y
2,Male,Rural,Yes,Graduate,No,1," 380,000 "," 140,000 "," 2,300,000 ",30,1,N
3,Male,Urban,Yes,Graduate,Yes,0," 240,000 "," 60,000 "," 5,000,000 ",30,1,Y
4,Male,Urban,Yes,Intermediate,No,0," 340,000 "," 50,000 "," 3,850,000 ",30,1,Y
5,Male,Urban,No,Graduate,No,0," 340,000 "," 60,000 "," 2,830,000 ",30,1,Y
6,Male,Urban,Yes,Graduate,Yes,2," 380,000 "," 190,000 "," 4,620,000 ",30,1,Y
7,Male,Urban,Yes,Intermediate,No,0," 300,000 "," 180,000 "," 2,510,000 ",30,1,Y
8,Male,Semiurban,Yes,Graduate,No,3+," 200,000 "," 50,000 "," 4,020,000 ",30,0,N
9,Male,Urban,Yes,Graduate,No,2," 260,000 "," 170,000 "," 3,530,000 ",30,1,Y
10,Male,Semiurban,Yes,Graduate,No,1," 480,000 "," 180,000 "," 2,100,000 ",30,1,N
11,Male,Urban,Yes,Graduate,No,2," 260,000 "," 90,000 "," 4,950,000 ",30,1,Y
12,Male,Urban,Yes,Graduate,,2," 330,000 "," 80,000 "," 3,420,000 ",30,1,Y
13,Male,Urban,Yes,Graduate,No,2," 350,000 "," 140,000 "," 4,340,000 ",30,1,Y
14,Male,Rural,No,Graduate,No,0," 310,000 "," 70,000 "," 3,570,000 ",30,1,N
15,Male,Urban,Yes,Graduate,No,2," 290,000 "," 170,000 "," 4,720,000 ",10,1,Y
16,Male,Urban,No,Graduate,No,0," 300,000 "," 140,000 "," 4,960,000 ",30,1,Y
17,Male,Urban,No,Intermediate,No,1," 230,000 "," 90,000 "," 4,470,000 ",20,,Y
18,Female,Urban,No,Graduate,No,0," 340,000 "," 120,000 "," 4,970,000 ",30,0,N
19,Male,Rural,Yes,Primary,No,0," 150,000 "," 69,000 "," 4,320,000 ",30,1,N
20,Male,Urban,Yes,Graduate,,0," 460,000 "," 87,000 "," 3,770,000 ",,1,Y
21,Male,Urban,Yes,Primary,No,0," 470,000 "," 80,000 "," 3,550,000 ",30,0,N
22,Male,Urban,Yes,Graduate,No,1," 160,000 "," 140,000 "," 4,730,000 ",30,1,Y
23,Male,Semiurban,Yes,Primary,No,0," 360,000 "," 90,000 "," 3,590,000 ",30,0,N
24,,Rural,Yes,Primary,No,2," 460,000 "," 160,000 "," 2,440,000 ",30,0,N
25,Male,Semiurban,Yes,Graduate,,1," 220,000 "," 140,000 "," 4,470,000 ",30,,N
26,Male,Semiurban,Yes,Graduate,Yes,0," 130,000 "," 70,000 "," 4,260,000 ",30,1,Y
27,Male,Semiurban,Yes,Graduate,No,0," 440,000 "," 130,000 "," 4,930,000 ",30,1,Y
28,Male,Urban,Yes,Primary,No,2," 230,000 "," 200,000 "," 4,360,000 ",30,1,Y
29,Male,Urban,No,Primary,No,0," 190,000 "," 60,000 "," 2,260,000 ",30,1,N
30,Female,Semiurban,No,Graduate,,2," 240,000 "," 170,000 "," 3,490,000 ",30,1,Y
31,Male,Urban,Yes,Graduate,,1," 320,000 "," 130,000 "," 3,070,000 ",30,,N
32,Male,Urban,No,Graduate,No,0," 380,000 "," 120,000 "," 2,110,000 ",30,1,N
33,Male,Rural,No,Graduate,Yes,1," 130,000 "," 50,000 "," 4,130,000 ",30,1,N
34,Male,Semiurban,Yes,Graduate,No,0," 220,000 "," 80,000 "," 3,760,000 ",30,1,Y
35,Male,Rural,No,Graduate,No,3+," 340,000 "," 50,000 "," 4,200,000 ",30,1,N
36,Male,Urban,Yes,Graduate,No,0," 380,000 "," 120,000 ",,30,1,Y
37,Male,Urban,Yes,Graduate,No,0," 160,000 "," 120,000 "," 5,000,000 ",,0,N
38,Female,Semiurban,Yes,Graduate,No,0," 420,000 "," 190,000 "," 2,420,000 ",30,1,Y
39,Male,Urban,No,Graduate,No,0," 180,000 "," 130,000 "," 2,550,000 ",30,1,Y
40,Male,Semiurban,No,Primary,No,0," 120,000 "," 40,000 "," 3,340,000 ",30,1,Y
41,Male,Urban,No,Graduate,No,0," 100,000 "," 60,000 "," 4,930,000 ",30,1,N
42,Male,Urban,No,Graduate,No,0," 330,000 "," 170,000 "," 4,260,000 ",30,1,Y
43,Male,Urban,Yes,Graduate,No,0," 330,000 "," 170,000 "," 3,820,000 ",30,,Y
44,Male,Semiurban,Yes,Graduate,No,0," 310,000 "," 160,000 "," 2,260,000 ",30,1,Y
45,Male,Urban,Yes,Primary,Yes,0," 120,000 "," 20,000 "," 3,080,000 ",,1,Y
46,Female,Urban,No,Graduate,No,0," 210,000 "," 190,000 "," 2,720,000 ",,1,Y
47,Male,Urban,Yes,Graduate,No,1," 200,000 "," 72,000 "," 3,890,000 ",30,1,Y
48,Male,Urban,Yes,Graduate,No,0," 300,000 "," 170,000 "," 4,700,000 ",30,1,Y
49,Female,Urban,Yes,Graduate,No,0," 270,000 "," 180,000 "," 4,100,000 ",30,0,N
50,Female,Semiurban,No,Graduate,No,0," 500,000 "," 100,000 "," 2,620,000 ",30,1,Y
51,Female,Semiurban,Yes,Intermediate,No,0," 340,000 "," 80,000 "," 4,640,000 ",30,1,Y
52,Female,Semiurban,No,Graduate,No,0," 480,000 "," 130,000 "," 3,580,000 ",30,1,Y
53,Female,Semiurban,No,Graduate,No,0," 340,000 "," 150,000 "," 4,340,000 ",30,1,N
54,Male,Urban,Yes,Graduate,No,2," 140,000 "," 50,000 "," 4,680,000 ",30,1,N
55,Female,Urban,Yes,Graduate,Yes,1," 280,000 "," 60,000 "," 2,950,000 ",30,0,N
56,Male,Semiurban,Yes,Graduate,No,2," 310,000 "," 120,000 "," 2,780,000 ",30,1,Y
57,Male,Semiurban,Yes,Graduate,No,0," 430,000 "," 110,000 "," 2,630,000 ",30,1,Y
58,Male,Rural,Yes,Graduate,No,0," 210,000 "," 20,000 "," 4,520,000 ",30,1,N
59,Male,Urban,Yes,Graduate,No,1," 170,000 "," 20,000 "," 3,380,000 ",30,1,Y
60,Male,Urban,Yes,Intermediate,No,2," 130,000 "," 60,000 "," 3,710,000 ",30,1,Y
61,Male,Urban,Yes,Graduate,No,0," 430,000 "," 150,000 "," 2,520,000 ",30,1,Y
62,Male,Urban,Yes,Graduate,No,3+," 100,000 "," 70,000 "," 3,510,000 ",30,1,Y
63,Male,Rural,Yes,Intermediate,Yes,0," 130,000 "," 70,000 "," 4,770,000 ",15,0,N
64,Male,Rural,Yes,Graduate,No,1," 240,000 "," 150,000 ",,30,0,N
65,Female,Semiurban,No,Graduate,No,0," 250,000 "," 80,000 "," 3,240,000 ",30,0,N
66,Male,Semiurban,Yes,Graduate,No,0," 190,000 "," 100,000 "," 2,880,000 ",30,1,N
67,Male,Urban,No,Intermediate,No,0," 130,000 "," 35,000 "," 4,740,000 ",15,0,N
68,Male,Urban,Yes,Graduate,No,1," 130,000 "," 35,000 "," 2,140,000 ",30,1,Y
69,Male,Urban,Yes,Primary,Yes,3+," 290,000 "," 190,000 "," 3,330,000 ",5,1,Y
70,Female,Semiurban,No,Graduate,No,0," 250,000 "," 160,000 "," 2,600,000 ",30,0,N
71,Male,Urban,Yes,Graduate,No,0," 360,000 "," 90,000 "," 4,390,000 ",30,1,Y
72,Male,Semiurban,Yes,Primary,Yes,2," 250,000 "," 20,000 "," 4,800,000 ",30,1,Y
73,Male,Semiurban,No,Graduate,No,0," 270,000 "," 160,000 "," 3,990,000 ",25,1,Y
74,Male,Semiurban,Yes,Primary,No,3+," 290,000 "," 170,000 "," 3,030,000 ",,0,N
75,Male,Semiurban,Yes,Graduate,Yes,3+," 160,000 "," 90,000 "," 3,180,000 ",30,1,Y
76,Male,Urban,No,Graduate,No,0," 430,000 "," 90,000 "," 2,940,000 ",40,1,N
77,Male,Urban,No,Graduate,No,0," 210,000 "," 90,000 "," 2,300,000 ",30,1,N
78,Male,Urban,Yes,Graduate,Yes,1," 180,000 "," 160,000 "," 4,850,000 ",30,1,N
79,Male,Semiurban,Yes,Graduate,No,3+," 220,000 "," 117,000 "," 4,070,000 ",25,0,N
80,Male,Semiurban,Yes,Primary,Yes,3+," 170,000 "," 130,000 "," 4,830,000 ",30,,Y
81,Female,Semiurban,No,Graduate,No,0," 380,000 "," 160,000 "," 2,990,000 ",30,1,Y
82,Male,Semiurban,Yes,Graduate,Yes,1," 470,000 "," 150,000 ",,30,1,Y
83,Female,Urban,Yes,Graduate,No,2," 340,000 "," 110,000 "," 2,080,000 ",30,1,N
84,Male,Semiurban,Yes,Graduate,No,0," 150,000 "," 110,000 "," 3,880,000 ",30,,N
85,Male,Urban,Yes,Graduate,No,1," 380,000 "," 121,000 "," 4,390,000 ",20,1,Y
86,Male,Semiurban,No,Graduate,No,0," 340,000 "," 99,000 "," 4,340,000 ",30,1,Y
87,Male,Semiurban,Yes,Primary,No,2," 180,000 "," 90,000 "," 4,510,000 ",30,,Y
88,Male,Semiurban,Yes,Graduate,No,0," 290,000 "," 200,000 "," 3,510,000 ",30,1,Y
89,Male,Urban,No,Graduate,No,0," 150,000 "," 80,000 "," 2,420,000 ",30,1,Y
90,Male,Semiurban,Yes,Graduate,No,0," 300,000 "," 80,000 "," 3,490,000 ",30,1,Y
91,Male,Semiurban,Yes,Graduate,No,0," 310,000 "," 140,000 "," 2,970,000 ",30,1,Y
92,Male,Semiurban,Yes,Graduate,No,2," 300,000 "," 150,000 "," 2,430,000 ",15,1,Y
93,Male,Urban,Yes,Intermediate,No,2," 180,000 "," 35,000 "," 3,870,000 ",30,1,Y
94,Male,Semiurban,No,Graduate,No,0," 190,000 "," 60,000 "," 3,640,000 ",30,1,Y
95,Male,Semiurban,No,Intermediate,No,0," 130,000 "," 100,000 "," 2,890,000 ",10,1,Y
96,Male,Urban,No,Graduate,,0," 480,000 "," 60,000 ",,30,,N
97,Female,Semiurban,Yes,Graduate,No,0," 180,000 "," 170,000 "," 4,150,000 ",30,1,Y
98,Male,Semiurban,Yes,Graduate,No,0," 120,000 "," 35,000 "," 2,770,000 ",30,1,Y
99,Male,Semiurban,Yes,Intermediate,No,0," 220,000 "," 160,000 "," 3,890,000 ",15,1,Y
100,Male,Semiurban,Yes,Graduate,No,0," 180,000 "," 70,000 "," 3,740,000 ",30,1,Y
101,Male,Urban,Yes,Intermediate,No,2," 460,000 "," 120,000 "," 2,030,000 ",15,1,Y
102,Male,Semiurban,No,Graduate,No,0," 240,000 "," 80,000 "," 3,820,000 ",30,1,Y
103,Male,Urban,Yes,Graduate,No,," 490,000 "," 70,000 ",,30,1,Y
104,Male,Semiurban,Yes,Graduate,No,0," 160,000 "," 30,000 ",,30,1,Y
105,Male,Urban,,Graduate,No,," 430,000 "," 170,000 "," 3,920,000 ",30,1,Y
106,Male,Urban,Yes,Graduate,No,1," 140,000 "," 80,000 "," 3,020,000 ",30,1,Y
107,Male,Urban,Yes,Graduate,No,2," 110,000 "," 12,000 "," 2,260,000 ",30,1,Y
108,Male,Rural,No,Intermediate,,0," 280,000 "," 130,000 "," 2,890,000 ",30,1,N
109,Male,Urban,Yes,Graduate,No,2," 480,000 "," 80,000 "," 2,340,000 ",30,0,N
110,Male,Semiurban,Yes,Intermediate,No,3+," 240,000 "," 110,000 "," 3,120,000 ",40,1,Y
111,Male,Urban,No,Graduate,No,0," 310,000 "," 80,000 "," 3,600,000 ",30,1,Y
112,Female,Semiurban,Yes,Graduate,,0," 260,000 "," 110,000 "," 2,470,000 ",30,1,Y
113,Male,Rural,Yes,Intermediate,No,0," 290,000 "," 113,000 "," 2,410,000 ",,0,N
114,Female,Semiurban,No,Graduate,Yes,1," 490,000 "," 170,000 ",,30,1,Y
115,Male,Semiurban,No,Graduate,,0," 460,000 "," 120,000 "," 2,260,000 ",30,1,Y
116,Male,Rural,Yes,Graduate,No,1," 240,000 "," 70,000 "," 3,670,000 ",15,1,Y
117,Female,Semiurban,Yes,Graduate,No,0," 490,000 "," 130,000 "," 2,410,000 ",30,1,Y
118,Male,Urban,Yes,Graduate,No,1," 340,000 "," 50,000 "," 3,820,000 ",30,,Y
119,Male,Rural,Yes,Graduate,No,0," 180,000 "," 80,000 "," 2,690,000 ",30,1,N
120,Female,Urban,No,Graduate,No,0," 280,000 "," 180,000 "," 2,040,000 ",30,1,Y
121,Male,Rural,Yes,Graduate,No,," 480,000 "," 160,000 "," 2,840,000 ",30,1,Y
122,Female,Semiurban,No,Graduate,No,0," 170,000 "," 150,000 "," 2,340,000 ",30,1,Y
123,Female,Semiurban,No,Graduate,No,0," 270,000 "," 190,000 "," 3,290,000 ",30,0,Y
124,Male,Semiurban,Yes,Graduate,No,2," 340,000 "," 80,000 "," 3,260,000 ",30,1,Y
125,Male,Rural,Yes,Intermediate,No,0," 160,000 "," 70,000 "," 2,760,000 ",30,1,Y
126,Female,Rural,No,Graduate,No,0," 290,000 "," 140,000 "," 3,650,000 ",30,,Y
127,,Rural,Yes,Graduate,No,3+," 290,000 "," 170,000 "," 4,750,000 ",30,1,Y
128,Male,Rural,No,Graduate,No,0," 300,000 "," 190,000 ",,30,1,Y
129,Male,Urban,Yes,Graduate,Yes,1," 180,000 "," 140,000 "," 4,590,000 ",15,0,N
130,Male,Rural,Yes,Graduate,No,0," 480,000 "," 160,000 "," 4,270,000 ",30,,N
131,Male,Urban,No,Graduate,Yes,0," 210,000 "," 120,000 "," 3,500,000 ",40,,Y
132,Male,Urban,No,Graduate,No,0," 360,000 "," 80,000 "," 3,560,000 ",30,1,Y
133,Male,Semiurban,No,Graduate,No,0," 210,000 "," 70,000 "," 2,210,000 ",30,1,Y
134,Male,Semiurban,Yes,Graduate,Yes,0," 260,000 "," 160,000 "," 2,990,000 ",10,1,Y
135,Male,Semiurban,No,Graduate,No,0," 380,000 "," 140,000 "," 3,270,000 ",30,1,Y
136,Male,Semiurban,Yes,Graduate,No,3+," 480,000 "," 31,000 "," 2,470,000 ",30,1,N
137,Female,Rural,Yes,Graduate,No,0," 350,000 "," 180,000 "," 3,570,000 ",30,1,N
138,Male,Urban,Yes,Graduate,Yes,2," 260,000 "," 140,000 "," 2,750,000 ",30,1,Y
139,Male,Semiurban,No,Graduate,No,0," 470,000 "," 60,000 "," 4,170,000 ",30,0,N
140,Male,Rural,Yes,Intermediate,No,2," 220,000 "," 137,000 "," 3,210,000 ",30,1,N
141,Male,Rural,Yes,Graduate,No,2," 430,000 "," 88,000 "," 4,490,000 ",30,1,N
142,Male,Urban,No,Graduate,No,0," 250,000 "," 80,000 "," 5,000,000 ",30,1,Y
143,Male,Semiurban,No,Graduate,Yes,0," 450,000 "," 80,000 "," 2,610,000 ",15,1,Y
144,Male,Semiurban,Yes,Graduate,No,0," 360,000 "," 110,000 "," 4,020,000 ",30,1,Y
145,Male,Urban,Yes,Graduate,No,2," 280,000 "," 160,000 "," 4,930,000 ",15,1,Y
146,Female,Semiurban,Yes,Graduate,No,0," 430,000 "," 130,000 "," 4,790,000 ",30,1,Y
147,Female,Urban,Yes,Graduate,No,2," 400,000 "," 190,000 "," 4,770,000 ",30,1,Y
148,Male,Urban,Yes,Graduate,No,1," 110,000 "," 70,000 "," 3,200,000 ",30,1,Y
149,Female,Rural,No,Graduate,No,0," 370,000 "," 90,000 "," 3,260,000 ",30,1,N
150,Male,Semiurban,Yes,Graduate,No,0," 350,000 "," 170,000 "," 4,570,000 ",30,1,Y
151,Male,Rural,No,Graduate,No,0," 490,000 "," 180,000 "," 3,270,000 ",30,0,N
152,Male,Rural,Yes,Graduate,Yes,0," 400,000 "," 90,000 "," 3,110,000 ",30,1,Y
153,Male,Urban,No,Graduate,No,0," 460,000 "," 130,000 "," 2,100,000 ",30,1,N
154,Male,Rural,Yes,Intermediate,No,2," 110,000 "," 19,000 "," 3,490,000 ",30,1,N
155,Male,Urban,No,Graduate,No,0," 150,000 "," 43,000 "," 4,070,000 ",30,1,Y
156,Male,Semiurban,Yes,Graduate,No,3+," 190,000 "," 130,000 "," 3,890,000 ",15,0,Y
157,Male,Rural,Yes,Graduate,No,1," 230,000 "," 100,000 "," 3,810,000 ",30,,Y
158,Male,Urban,Yes,Graduate,No,1," 270,000 "," 50,000 "," 4,320,000 ",30,1,Y
159,Male,Rural,No,Graduate,,0," 190,000 "," 100,000 "," 2,460,000 ",30,1,Y
160,Male,Semiurban,Yes,Graduate,No,0," 310,000 "," 70,000 "," 2,350,000 ",30,1,Y
161,Male,Semiurban,Yes,Intermediate,No,0," 180,000 "," 160,000 "," 4,800,000 ",30,1,Y
162,Male,Urban,Yes,Graduate,No,0," 380,000 "," 170,000 "," 4,530,000 ",30,1,N
163,Male,Semiurban,Yes,Graduate,No,1," 400,000 "," 70,000 "," 3,550,000 ",30,0,N
164,Male,Rural,Yes,Graduate,No,2," 430,000 "," 90,000 "," 3,050,000 ",30,1,Y
165,Male,Urban,Yes,Graduate,No,0," 160,000 "," 130,000 "," 3,470,000 ",15,1,Y
166,Male,Rural,Yes,Graduate,No,0," 160,000 "," 14,000 "," 4,220,000 ",,1,Y
167,Female,Rural,Yes,Graduate,No,0," 300,000 "," 110,000 "," 4,950,000 ",30,1,N
168,Male,Rural,Yes,Graduate,No,0," 200,000 "," 190,000 "," 3,670,000 ",30,1,Y
169,Male,Semiurban,No,Graduate,No,0," 410,000 "," 80,000 "," 4,010,000 ",40,0,N
170,Male,Semiurban,Yes,Graduate,No,2," 210,000 "," 200,000 "," 4,530,000 ",30,1,Y
171,Male,Rural,Yes,Intermediate,,0," 420,000 "," 120,000 "," 4,940,000 ",30,1,Y
172,,Urban,Yes,Graduate,No,3+," 240,000 "," 200,000 "," 2,590,000 ",25,1,Y
173,Male,Rural,Yes,Intermediate,No,3+," 410,000 "," 80,000 "," 3,680,000 ",15,1,N
174,Male,Semiurban,Yes,Graduate,No,0," 430,000 "," 60,000 "," 4,820,000 ",30,1,Y
175,Male,Semiurban,Yes,Intermediate,Yes,0," 200,000 "," 120,000 "," 4,970,000 ",30,1,N
176,Male,Rural,Yes,Graduate,No,0," 140,000 "," 10,000 "," 2,190,000 ",30,1,Y
177,Male,Rural,Yes,Graduate,No,2," 330,000 "," 80,000 "," 4,310,000 ",30,1,Y
178,Male,Semiurban,Yes,Graduate,No,3+," 400,000 "," 150,000 "," 4,720,000 ",30,0,N
179,Male,Semiurban,Yes,Graduate,No,1," 340,000 "," 50,000 "," 3,190,000 ",30,1,Y
180,Male,Urban,No,Intermediate,No,0," 410,000 "," 148,000 "," 2,230,000 ",40,0,N
181,Male,Urban,Yes,Graduate,No,1," 370,000 "," 130,000 "," 3,470,000 ",30,0,N
182,Male,Rural,No,Graduate,No,0," 220,000 "," 70,000 "," 4,020,000 ",30,,N
183,Male,Semiurban,Yes,Graduate,No,0," 430,000 "," 60,000 "," 3,710,000 ",15,1,Y
184,Male,Semiurban,Yes,Graduate,No,1," 420,000 "," 120,000 "," 4,450,000 ",30,1,N
185,Female,Semiurban,Yes,Graduate,No,0," 270,000 "," 90,000 "," 2,810,000 ",30,1,Y
186,Male,Semiurban,Yes,Graduate,Yes,0," 210,000 "," 105,000 "," 2,900,000 ",30,1,Y
187,Male,Rural,Yes,Graduate,Yes,1," 110,000 "," 67,000 "," 3,610,000 ",25,0,N
188,Male,Rural,Yes,Graduate,No,0," 450,000 "," 130,000 "," 4,200,000 ",30,,Y
189,,Rural,Yes,Graduate,Yes,0," 320,000 "," 160,000 "," 4,860,000 ",30,1,Y
190,Male,Rural,Yes,Graduate,No,0," 380,000 "," 110,000 "," 3,890,000 ",15,1,Y
191,Male,Rural,No,Intermediate,No,0," 240,000 "," 110,000 "," 4,060,000 ",30,1,Y
192,Male,Semiurban,No,Graduate,No,0," 250,000 "," 160,000 "," 3,160,000 ",30,1,N
193,Male,Urban,Yes,Intermediate,No,0," 240,000 "," 140,000 "," 2,410,000 ",30,1,N
194,Male,Semiurban,No,Graduate,No,0," 210,000 "," 100,000 "," 3,820,000 ",30,1,Y
195,Male,Rural,No,Graduate,No,0," 430,000 "," 90,000 "," 2,120,000 ",30,1,Y
196,Male,Semiurban,Yes,Graduate,No,1," 480,000 "," 120,000 "," 2,740,000 ",30,1,N
197,Male,Rural,No,Graduate,No,0," 370,000 "," 90,000 "," 2,490,000 ",30,1,Y
198,Female,Urban,No,Intermediate,No,0," 220,000 "," 110,000 "," 4,840,000 ",,1,Y
199,Female,Semiurban,Yes,Graduate,No,0," 470,000 "," 150,000 "," 4,680,000 ",30,,Y
200,Male,Urban,No,Graduate,Yes,0," 320,000 "," 70,000 "," 3,630,000 ",30,1,N
201,Male,Semiurban,Yes,Intermediate,No,1," 350,000 "," 100,000 "," 2,870,000 ",30,1,Y
202,Male,Semiurban,No,Graduate,No,2," 200,000 "," 70,000 "," 2,380,000 ",30,0,Y
203,Male,Urban,Yes,Post Graduate,No,3+," 420,000 "," 110,000 ",,15,1,N
204,Male,Urban,Yes,Post Graduate,No,1," 220,000 "," 140,000 "," 2,940,000 ",30,1,Y
205,Male,Semiurban,Yes,Post Graduate,No,2," 290,000 "," 180,000 "," 3,380,000 ",30,1,Y
206,Female,Semiurban,No,Post Graduate,No,0," 200,000 "," 110,000 "," 3,090,000 ",30,1,Y
207,Female,Urban,No,Graduate,No,0," 360,000 "," 120,000 "," 2,770,000 ",30,1,Y
208,Male,Rural,No,Post Graduate,No,0," 330,000 "," 90,000 "," 4,220,000 ",30,1,Y
209,Male,Urban,No,Graduate,No,0," 100,000 "," 27,000 "," 2,970,000 ",30,1,Y
210,Male,Semiurban,No,Graduate,No,0," 270,000 "," 60,000 "," 2,650,000 ",30,1,N
211,Female,Semiurban,No,Graduate,No,0," 440,000 "," 80,000 "," 2,270,000 ",30,1,N
212,Male,Semiurban,Yes,Graduate,No,3+," 370,000 "," 70,000 "," 4,910,000 ",30,0,N
213,Male,Urban,Yes,Graduate,Yes,1," 210,000 "," 190,000 "," 2,520,000 ",30,1,Y
214,Male,Rural,Yes,Post Graduate,Yes,3+," 210,000 "," 110,000 "," 4,020,000 ",30,1,Y
215,Male,Urban,Yes,Graduate,No,0," 130,000 "," 24,000 "," 2,600,000 ",30,1,Y
216,Male,Semiurban,Yes,Post Graduate,No,3+," 140,000 "," 130,000 "," 2,040,000 ",30,1,Y
217,Male,Rural,Yes,Graduate,No,0," 190,000 "," 170,000 "," 2,030,000 ",30,1,N
218,Male,Semiurban,Yes,Graduate,No,0," 140,000 "," 100,000 "," 2,780,000 ",30,1,Y
219,Male,Semiurban,Yes,Graduate,,2," 230,000 "," 170,000 "," 2,140,000 ",30,0,N
220,Female,Semiurban,Yes,Graduate,No,2," 140,000 "," 110,000 "," 2,930,000 ",30,,Y
221,Male,Urban,Yes,Graduate,No,0," 410,000 "," 200,000 "," 3,630,000 ",30,0,N
222,Male,Semiurban,Yes,Graduate,No,2," 440,000 "," 170,000 "," 2,660,000 ",30,1,Y
223,Male,Semiurban,No,Graduate,No,0," 250,000 "," 120,000 "," 2,290,000 ",30,1,Y
224,Male,Semiurban,Yes,Graduate,No,0," 220,000 "," 60,000 "," 2,240,000 ",,1,Y
225,Male,Semiurban,Yes,Graduate,No,0," 210,000 "," 120,000 "," 2,010,000 ",30,1,Y
226,Male,Rural,Yes,Graduate,No,0," 200,000 "," 60,000 "," 4,240,000 ",30,1,N
227,Male,Urban,Yes,Post Graduate,Yes,," 300,000 "," 70,000 "," 4,510,000 ",30,1,N
228,Male,Semiurban,Yes,Graduate,No,2," 460,000 "," 60,000 "," 4,560,000 ",30,1,Y
229,Male,Semiurban,,Graduate,No,," 320,000 "," 90,000 "," 3,480,000 ",40,1,Y
230,Male,Rural,No,Graduate,Yes,0," 210,000 "," 110,000 "," 3,310,000 ",30,1,Y
231,Male,Semiurban,Yes,Graduate,No,1," 420,000 "," 112,000 "," 3,770,000 ",30,1,Y
232,Male,Rural,Yes,Graduate,,0," 270,000 "," 180,000 "," 3,650,000 ",15,1,Y
233,Male,Rural,No,Post Graduate,No,0," 290,000 "," 120,000 "," 4,810,000 ",,1,Y
234,Female,Semiurban,No,Graduate,No,0," 230,000 "," 180,000 "," 4,800,000 ",30,1,Y
235,Male,Semiurban,Yes,Graduate,No,1," 420,000 "," 90,000 "," 3,750,000 ",30,1,Y
236,Male,Rural,Yes,Graduate,No,1," 260,000 "," 70,000 "," 3,990,000 ",30,1,Y
237,Male,Urban,Yes,Graduate,,0," 270,000 "," 190,000 "," 2,370,000 ",30,,N
238,Female,Urban,No,Graduate,Yes,0," 160,000 "," 160,000 "," 3,320,000 ",30,,Y
239,Female,Rural,No,Graduate,No,1," 390,000 "," 120,000 "," 4,170,000 ",30,1,Y
240,Male,Semiurban,Yes,Graduate,No,1," 420,000 "," 150,000 "," 4,390,000 ",30,1,Y
241,Male,Rural,Yes,Graduate,No,2," 400,000 "," 150,000 "," 4,260,000 ",30,1,Y
242,Male,Urban,Yes,Post Graduate,No,1," 280,000 "," 200,000 "," 3,780,000 ",15,1,N
243,Male,Urban,No,Graduate,No,0," 190,000 "," 130,000 "," 2,230,000 ",5,1,Y
244,Male,Rural,Yes,Graduate,Yes,2," 340,000 "," 100,000 "," 3,630,000 ",30,1,Y
245,Male,Semiurban,Yes,Post Graduate,No,0," 440,000 "," 200,000 "," 4,620,000 ",30,1,Y
246,Male,Urban,No,Graduate,Yes,0," 260,000 "," 150,000 "," 4,300,000 ",15,1,N
247,Male,Urban,Yes,Graduate,No,2," 490,000 "," 70,000 "," 3,970,000 ",30,1,Y
248,Male,Urban,Yes,Post Graduate,No,1," 280,000 "," 170,000 "," 4,390,000 ",15,1,Y
249,Male,Semiurban,Yes,Graduate,No,1," 130,000 "," 24,000 "," 2,240,000 ",40,1,Y
250,Male,Urban,Yes,Graduate,No,0," 370,000 "," 73,000 "," 2,630,000 ",30,1,Y
251,Male,Semiurban,Yes,Post Graduate,No,0," 430,000 "," 100,000 "," 4,000,000 ",30,0,N
252,Female,Urban,No,Graduate,No,2," 290,000 "," 160,000 "," 4,460,000 ",30,1,N
253,Male,Rural,No,Post Graduate,Yes,0," 240,000 "," 110,000 "," 2,420,000 ",30,1,Y
254,Male,Semiurban,Yes,Post Graduate,No,1," 310,000 "," 90,000 "," 4,120,000 ",15,1,Y
255,Male,Urban,No,Graduate,Yes,0," 160,000 "," 60,000 "," 4,980,000 ",30,0,N
256,Female,Rural,No,Graduate,No,3+," 430,000 "," 110,000 "," 4,920,000 ",30,1,Y
257,Male,Rural,No,Post Graduate,No,0," 140,000 "," 30,000 "," 3,000,000 ",30,0,N
258,Male,Urban,Yes,Graduate,No,3+," 300,000 "," 120,000 "," 3,010,000 ",30,1,N
259,Male,Rural,Yes,Graduate,No,0," 120,000 "," 44,000 "," 2,760,000 ",30,1,N
260,Male,Semiurban,Yes,Post Graduate,No,3+," 130,000 "," 11,000 "," 2,100,000 ",30,,N
261,Male,Urban,Yes,Graduate,No,1," 170,000 "," 90,000 "," 2,760,000 ",30,,Y
262,Male,Semiurban,No,Graduate,No,0," 430,000 "," 140,000 "," 4,830,000 ",30,1,Y
263,Female,Semiurban,No,Graduate,No,1," 160,000 "," 11,000 "," 3,730,000 ",3,1,N
264,Female,Rural,No,Graduate,No,0," 310,000 "," 140,000 "," 4,470,000 ",30,1,Y
265,Male,Semiurban,No,Graduate,Yes,0," 290,000 "," 90,000 "," 3,000,000 ",30,1,Y
266,Male,Rural,No,Graduate,No,0," 430,000 "," 120,000 "," 4,630,000 ",30,1,Y
267,Male,Semiurban,Yes,Graduate,No,2," 340,000 "," 70,000 "," 4,510,000 ",30,1,Y
268,Male,Urban,Yes,Graduate,No,3+," 190,000 "," 110,000 "," 2,500,000 ",30,0,Y
269,Female,Rural,No,Graduate,,0," 460,000 "," 130,000 "," 4,000,000 ",30,1,N
270,Female,Urban,No,Graduate,No,1," 280,000 "," 90,000 "," 4,190,000 ",30,1,Y
271,Female,Urban,No,Graduate,No,0," 260,000 "," 70,000 "," 2,220,000 ",30,1,Y
272,Male,Urban,Yes,Graduate,No,0," 120,000 "," 100,000 "," 2,670,000 ",30,1,Y
273,Male,Rural,No,Graduate,No,0," 220,000 "," 140,000 "," 2,090,000 ",30,1,Y
274,Male,Semiurban,Yes,Graduate,No,0," 450,000 "," 100,000 "," 4,940,000 ",30,1,Y
275,Male,Semiurban,Yes,Graduate,No,2," 150,000 "," 22,000 "," 2,910,000 ",30,1,Y
276,Male,Semiurban,Yes,Graduate,No,1," 230,000 "," 150,000 "," 2,120,000 ",30,1,Y
277,Male,Semiurban,Yes,Graduate,No,0," 360,000 "," 40,000 "," 4,270,000 ",30,1,Y
278,Male,Urban,Yes,Graduate,No,0," 230,000 "," 60,000 "," 4,150,000 ",30,1,Y
279,Male,Semiurban,Yes,Graduate,No,0," 380,000 "," 200,000 "," 3,350,000 ",30,1,Y
280,Female,Rural,Yes,Post Graduate,No,0," 340,000 "," 80,000 "," 4,120,000 ",30,,Y
281,Male,Urban,No,Post Graduate,Yes,1," 240,000 "," 101,000 "," 2,310,000 ",30,0,N
282,Male,Semiurban,Yes,Graduate,No,0," 140,000 "," 70,000 "," 2,900,000 ",30,1,Y
283,Male,Urban,Yes,Graduate,No,2," 450,000 "," 140,000 "," 3,390,000 ",15,1,Y
284,Female,Urban,No,Graduate,No,0," 150,000 "," 80,000 "," 2,240,000 ",30,1,Y
285,Male,Rural,Yes,Graduate,No,0," 460,000 "," 90,000 ",,30,1,N
286,Male,Rural,No,Graduate,No,0," 340,000 "," 200,000 "," 2,410,000 ",30,1,Y
287,Female,Semiurban,No,Graduate,Yes,0," 220,000 "," 80,000 "," 2,090,000 ",25,1,N
288,Male,Rural,Yes,Graduate,No,0," 280,000 "," 60,000 "," 2,820,000 ",30,1,Y
289,Female,Semiurban,No,Graduate,No,0," 350,000 "," 100,000 "," 4,590,000 ",30,1,Y
290,Male,Rural,No,Graduate,No,0," 140,000 "," 100,000 "," 3,000,000 ",30,1,Y
291,Male,Rural,Yes,Graduate,No,0," 430,000 "," 100,000 "," 2,820,000 ",30,1,Y
292,Male,Semiurban,Yes,Graduate,No,2," 120,000 "," 47,000 "," 2,760,000 ",30,0,N
293,Male,Urban,Yes,Graduate,No,2," 200,000 "," 80,000 "," 3,340,000 ",30,1,Y
294,Female,Urban,No,Graduate,No,," 390,000 "," 120,000 "," 2,380,000 ",40,0,N
295,Male,Semiurban,Yes,Graduate,No,0," 320,000 "," 130,000 "," 3,230,000 ",30,1,Y
296,Male,Urban,Yes,Graduate,,3+," 460,000 "," 160,000 "," 2,930,000 ",30,1,Y
297,Male,Semiurban,Yes,Graduate,No,1," 170,000 "," 90,000 "," 4,330,000 ",30,1,Y
298,Female,Urban,Yes,Graduate,No,1," 350,000 "," 130,000 "," 2,800,000 ",30,1,Y
299,Female,Rural,No,Graduate,No,0," 330,000 "," 200,000 "," 3,720,000 ",40,1,N
300,Male,Urban,Yes,Graduate,No,1," 140,000 "," 70,000 "," 4,760,000 ",30,1,N
301,Male,Urban,Yes,Post Graduate,No,0," 150,000 "," 110,000 "," 2,140,000 ",30,0,N
302,Male,Semiurban,Yes,Post Graduate,No,," 490,000 "," 50,000 "," 4,250,000 ",30,1,Y
303,Female,Rural,No,Graduate,No,0," 350,000 "," 120,000 "," 4,840,000 ",30,1,Y
304,Male,Urban,Yes,Graduate,No,1," 170,000 "," 170,000 "," 4,800,000 ",30,1,Y
305,Male,Rural,No,Graduate,No,0," 320,000 "," 70,000 "," 2,400,000 ",30,1,Y
306,Male,Urban,No,Post Graduate,No,0," 370,000 "," 80,000 ",,30,1,N
307,Female,Rural,No,Graduate,No,0," 220,000 "," 150,000 "," 2,740,000 ",30,1,Y
308,Female,Urban,No,Graduate,No,0," 140,000 "," 24,000 "," 3,800,000 ",30,0,N
309,Male,Rural,No,Graduate,No,0," 460,000 "," 70,000 "," 3,130,000 ",30,1,N
310,Male,Rural,Yes,Post Graduate,No,2," 300,000 "," 90,000 "," 2,310,000 ",30,,Y
311,Female,Semiurban,No,Graduate,No,0," 370,000 "," 180,000 "," 2,960,000 ",30,1,Y
312,Male,Semiurban,No,Post Graduate,No,0," 160,000 "," 90,000 "," 4,020,000 ",30,1,Y
313,Female,Rural,No,Graduate,No,0," 440,000 "," 120,000 "," 4,370,000 ",30,1,Y
314,Male,Rural,Yes,Graduate,Yes,2," 330,000 "," 150,000 "," 4,770,000 ",7,,Y
315,,Rural,Yes,Graduate,No,0," 260,000 "," 92,000 "," 3,020,000 ",30,1,N
316,Male,Urban,Yes,Post Graduate,No,1," 180,000 "," 80,000 "," 3,740,000 ",15,1,Y
317,Male,Semiurban,Yes,Graduate,No,2," 250,000 "," 95,000 "," 2,330,000 ",30,1,Y
318,Male,Urban,Yes,Graduate,No,0," 220,000 "," 90,000 "," 2,410,000 ",30,,Y
319,Female,Semiurban,No,Graduate,No,1," 380,000 "," 150,000 "," 4,250,000 ",30,,Y
320,Male,Rural,Yes,Graduate,Yes,1," 360,000 "," 80,000 "," 4,950,000 ",30,1,N
321,Male,Semiurban,Yes,Graduate,No,0," 390,000 "," 60,000 "," 4,350,000 ",30,1,Y
322,Male,Semiurban,Yes,Graduate,No,3+," 420,000 "," 60,000 "," 2,730,000 ",30,1,Y
323,Male,Rural,Yes,Post Graduate,No,2," 240,000 "," 130,000 ",,30,1,Y
324,Female,Rural,No,Graduate,No,0," 180,000 "," 160,000 "," 4,750,000 ",30,,Y
325,Male,Rural,Yes,Graduate,No,3+," 330,000 "," 80,000 "," 4,060,000 ",30,1,Y
326,Male,Rural,Yes,Graduate,Yes,1," 180,000 "," 180,000 "," 4,950,000 ",30,0,N
327,Male,Rural,No,Graduate,No,0," 290,000 "," 130,000 "," 3,210,000 ",30,0,Y
328,Male,Semiurban,Yes,Graduate,Yes,0," 140,000 "," 90,000 "," 4,580,000 ",30,1,Y
329,Female,Urban,Yes,Graduate,No,0," 360,000 "," 117,000 "," 3,500,000 ",30,1,N
330,Female,Urban,No,Graduate,No,0," 340,000 "," 90,000 "," 3,640,000 ",30,1,Y
331,Male,Urban,No,Graduate,No,1," 190,000 "," 70,000 "," 3,710,000 ",30,1,Y
332,Male,Semiurban,No,Graduate,No,0," 280,000 "," 110,000 "," 4,530,000 ",30,1,Y
333,Male,Urban,No,Graduate,No,," 280,000 "," 120,000 "," 4,020,000 ",30,1,Y
334,Male,Urban,Yes,Graduate,,0," 430,000 "," 80,000 "," 4,180,000 ",15,1,Y
335,,Urban,Yes,Graduate,Yes,1," 190,000 "," 190,000 "," 3,700,000 ",15,1,Y
336,Male,Semiurban,Yes,Graduate,Yes,," 140,000 "," 11,000 "," 2,680,000 ",,1,Y
337,Male,Rural,Yes,Graduate,,1," 230,000 "," 140,000 "," 4,480,000 ",30,1,Y
338,Male,Rural,Yes,Graduate,Yes,2," 190,000 "," 160,000 "," 2,670,000 ",30,1,Y
339,Female,Urban,No,Post Graduate,No,3+," 120,000 "," 110,000 ",,30,0,N
340,Female,Semiurban,No,Graduate,No,0," 300,000 "," 110,000 "," 4,950,000 ",30,1,Y
341,Male,Rural,Yes,Post Graduate,No,3+," 120,000 "," 29,000 "," 2,290,000 ",30,1,N
342,Female,Rural,No,Graduate,No,0," 150,000 "," 38,000 "," 2,260,000 ",30,1,N
343,Male,Urban,Yes,Intermediate,No,1," 150,000 "," 44,000 "," 3,860,000 ",30,1,Y
344,Male,Semiurban,Yes,Intermediate,No,3+," 460,000 "," 190,000 "," 2,480,000 ",30,1,Y
345,Male,Rural,Yes,Graduate,,2," 210,000 "," 140,000 "," 3,960,000 ",30,1,Y
346,Male,Semiurban,Yes,Graduate,No,0," 170,000 "," 50,000 "," 2,230,000 ",30,1,Y
347,Male,Rural,Yes,Intermediate,No,," 490,000 "," 70,000 "," 2,670,000 ",30,0,N
348,Male,Urban,Yes,Intermediate,No,2," 410,000 "," 90,000 "," 4,120,000 ",30,1,Y
349,Male,Semiurban,Yes,Graduate,No,0," 360,000 "," 120,000 "," 3,370,000 ",30,,Y
350,Male,Rural,Yes,Graduate,No,0," 450,000 "," 180,000 "," 3,110,000 ",30,1,Y
351,Male,Semiurban,Yes,Graduate,No,0," 350,000 "," 70,000 "," 4,770,000 ",30,1,Y
352,Male,Rural,No,Graduate,No,0," 370,000 "," 180,000 "," 3,800,000 ",30,1,N
353,Male,Rural,Yes,Graduate,No,3+," 170,000 "," 70,000 "," 2,220,000 ",30,1,Y
354,Female,Rural,Yes,Graduate,Yes,0," 320,000 "," 70,000 "," 2,470,000 ",30,0,N
355,Female,Semiurban,Yes,Graduate,No,0," 110,000 "," 34,000 "," 4,680,000 ",30,1,Y
356,Female,Urban,No,Graduate,No,," 130,000 "," 28,000 "," 2,450,000 ",15,1,Y
357,Male,Rural,Yes,Graduate,No,2," 390,000 "," 120,000 "," 4,190,000 ",30,1,Y
358,Male,Urban,Yes,Graduate,No,1," 220,000 "," 110,000 "," 2,280,000 ",30,1,N
359,Male,Urban,Yes,Intermediate,No,0," 280,000 "," 100,000 "," 4,280,000 ",40,0,N
360,Male,Semiurban,Yes,Graduate,No,3+," 410,000 "," 60,000 "," 2,630,000 ",30,1,Y
361,Female,Semiurban,No,Graduate,No,1," 500,000 "," 70,000 "," 3,880,000 ",30,1,N
362,Male,Semiurban,Yes,Graduate,No,2," 190,000 "," 190,000 "," 2,650,000 ",30,1,Y
363,Male,Urban,Yes,Graduate,No,0," 300,000 "," 130,000 "," 3,940,000 ",30,1,Y
364,Male,Urban,Yes,Graduate,No,0," 180,000 "," 87,000 "," 4,490,000 ",25,,Y
365,Male,Rural,No,Graduate,Yes,0," 300,000 "," 160,000 "," 4,870,000 ",30,1,Y
366,Male,Rural,No,Intermediate,No,0," 260,000 "," 90,000 "," 4,250,000 ",30,1,N
367,Male,Semiurban,No,Graduate,No,0," 230,000 "," 60,000 "," 3,000,000 ",40,1,N
368,Male,Rural,No,Graduate,No,0," 380,000 "," 180,000 "," 2,470,000 ",,0,N
369,Male,Semiurban,Yes,Graduate,No,1," 200,000 "," 140,000 "," 4,190,000 ",30,1,Y
370,Male,Rural,Yes,Graduate,No,0," 220,000 "," 70,000 "," 2,970,000 ",30,1,N
371,Female,Semiurban,No,Graduate,Yes,0," 420,000 "," 130,000 "," 3,650,000 ",30,1,Y
372,Male,Semiurban,Yes,Graduate,No,2," 140,000 "," 140,000 "," 4,750,000 ",30,1,Y
373,Male,Rural,Yes,Graduate,Yes,2," 310,000 "," 160,000 "," 3,560,000 ",25,1,Y
374,Male,Urban,No,Graduate,No,1," 320,000 "," 140,000 "," 3,540,000 ",15,0,N
375,Female,Urban,No,Graduate,,0," 110,000 "," 70,000 "," 3,810,000 ",30,1,Y
376,Male,Urban,Yes,Graduate,No,0," 150,000 "," 130,000 "," 2,110,000 ",15,1,Y
377,Male,Rural,Yes,Graduate,No,3+," 180,000 "," 80,000 "," 2,140,000 ",30,1,Y
378,Male,Semiurban,Yes,Graduate,No,0," 490,000 "," 130,000 "," 4,220,000 ",30,,Y
379,Male,Urban,No,Graduate,No,0," 160,000 "," 130,000 "," 4,740,000 ",40,1,N
380,Male,Urban,Yes,Graduate,No,2," 320,000 "," 90,000 "," 2,830,000 ",30,1,Y
381,Male,Semiurban,Yes,Graduate,,0," 220,000 "," 90,000 "," 3,130,000 ",30,1,Y
382,Male,Semiurban,No,Graduate,No,0," 430,000 "," 86,000 "," 2,780,000 ",30,1,Y
383,Female,Urban,No,Graduate,No,0," 450,000 "," 80,000 "," 3,790,000 ",30,1,Y
384,Male,Urban,No,Graduate,Yes,0," 430,000 "," 200,000 "," 3,540,000 ",30,1,Y
385,Male,Urban,Yes,Graduate,No,2," 310,000 "," 200,000 "," 2,520,000 ",30,1,N
386,Male,Urban,No,Graduate,,1," 140,000 "," 90,000 "," 4,630,000 ",15,1,Y
387,Male,Semiurban,No,Intermediate,No,0," 430,000 "," 70,000 "," 2,720,000 ",30,1,Y
388,Male,Urban,Yes,Intermediate,No,0," 490,000 "," 83,000 ",,30,0,N
389,Male,Urban,Yes,Graduate,No,0," 350,000 "," 50,000 "," 3,330,000 ",30,1,Y
390,Male,Rural,Yes,Graduate,No,0," 450,000 "," 120,000 "," 2,050,000 ",30,1,Y
391,Male,Rural,No,Graduate,No,3+," 250,000 "," 190,000 "," 2,230,000 ",30,1,Y
392,Male,Rural,Yes,Graduate,No,3+," 370,000 "," 180,000 "," 3,330,000 ",30,1,Y
393,Male,Urban,Yes,Graduate,No,0," 480,000 "," 80,000 "," 2,930,000 ",30,,Y
394,Male,Semiurban,Yes,Intermediate,No,2," 180,000 "," 70,000 "," 2,790,000 ",15,1,Y
395,Male,Urban,Yes,Graduate,No,2," 330,000 "," 90,000 "," 4,830,000 ",30,1,Y
396,Male,Semiurban,Yes,Graduate,No,2," 170,000 "," 120,000 "," 3,080,000 ",30,,Y
397,Female,Urban,No,Graduate,No,0," 270,000 "," 110,000 "," 2,740,000 ",30,0,N
398,Male,Urban,Yes,Graduate,No,0," 260,000 "," 60,000 "," 3,020,000 ",30,1,Y
399,Male,Rural,No,Intermediate,No,0," 310,000 "," 200,000 "," 3,410,000 ",30,1,Y
400,Female,Semiurban,No,Graduate,No,0," 480,000 "," 60,000 "," 3,420,000 ",30,0,N
401,Male,Urban,Yes,Intermediate,No,2," 350,000 "," 71,000 "," 2,850,000 ",15,0,N
402,Male,Rural,No,Intermediate,No,0," 380,000 "," 90,000 "," 3,820,000 ",25,1,N
403,Male,Semiurban,No,Graduate,No,0," 190,000 "," 170,000 "," 3,870,000 ",30,1,Y
404,Female,Semiurban,No,Intermediate,No,0," 430,000 "," 41,000 "," 4,620,000 ",30,1,Y
405,Female,Rural,No,Graduate,Yes,0," 230,000 "," 140,000 "," 4,310,000 ",30,1,N
406,Female,Semiurban,No,Graduate,No,0," 190,000 "," 50,000 "," 3,330,000 ",30,1,Y
407,Male,Urban,Yes,Intermediate,No,0," 300,000 "," 170,000 "," 4,090,000 ",30,1,Y
408,Female,Rural,No,Intermediate,No,0," 390,000 "," 110,000 "," 2,310,000 ",30,1,Y
409,Male,Semiurban,Yes,Graduate,No,1," 350,000 "," 110,000 "," 4,900,000 ",25,0,N
410,Male,Rural,Yes,Graduate,No,3+," 310,000 "," 140,000 "," 4,610,000 ",30,0,N
411,Female,Semiurban,No,Intermediate,Yes,1," 330,000 "," 140,000 "," 2,160,000 ",30,1,N
412,Male,Urban,Yes,Graduate,,0," 430,000 "," 200,000 "," 2,820,000 ",30,,Y
413,Male,Rural,Yes,Intermediate,No,0," 270,000 "," 170,000 "," 4,130,000 ",30,0,N
414,Male,Rural,Yes,Intermediate,No,0," 290,000 "," 140,000 "," 2,810,000 ",30,1,Y
415,Female,Semiurban,Yes,Intermediate,No,0," 430,000 "," 120,000 "," 2,830,000 ",30,0,N
416,Female,Urban,No,Graduate,No,0," 340,000 "," 110,000 "," 3,950,000 ",30,1,Y
417,Female,Urban,No,Graduate,No,1," 250,000 "," 170,000 "," 2,550,000 ",30,1,N
418,Male,Urban,Yes,Graduate,Yes,2," 200,000 "," 80,000 "," 3,920,000 ",30,1,N
419,Male,Rural,Yes,Graduate,No,0," 410,000 "," 132,000 "," 2,630,000 ",30,1,Y
420,Male,Semiurban,Yes,Graduate,No,0," 130,000 "," 21,000 "," 3,590,000 ",30,1,Y
421,Male,Rural,Yes,Graduate,No,0," 490,000 "," 110,000 "," 2,530,000 ",30,1,Y
422,Female,Urban,No,Intermediate,No,0," 210,000 "," 160,000 "," 3,780,000 ",,0,N
423,Male,Urban,Yes,Graduate,No,0," 280,000 "," 70,000 "," 4,790,000 ",30,1,Y
424,Male,Urban,Yes,Graduate,No,1," 100,000 "," 28,000 "," 3,920,000 ",,0,N
425,Male,Semiurban,Yes,Graduate,No,0," 490,000 "," 190,000 "," 3,130,000 ",30,1,Y
426,Male,Rural,Yes,Graduate,No,0," 470,000 "," 140,000 "," 2,630,000 ",30,1,Y
427,Female,Rural,No,Intermediate,No,1," 190,000 "," 170,000 "," 3,850,000 ",30,1,N
428,Male,Semiurban,Yes,Graduate,No,2," 350,000 "," 80,000 "," 4,940,000 ",30,1,Y
429,Male,Rural,Yes,Graduate,No,0," 110,000 "," 26,000 "," 4,300,000 ",30,1,Y
430,Male,Urban,No,Intermediate,No,0," 260,000 "," 120,000 "," 3,420,000 ",15,1,Y
431,Female,Semiurban,No,Graduate,Yes,1," 380,000 "," 130,000 "," 4,150,000 ",30,1,Y
432,Male,Rural,No,Graduate,No,0," 160,000 "," 90,000 "," 3,470,000 ",30,0,N
433,Male,Semiurban,No,Graduate,,0," 170,000 "," 15,000 "," 4,250,000 ",30,1,Y
434,Male,Semiurban,Yes,Graduate,No,0," 130,000 "," 90,000 "," 3,920,000 ",30,1,Y
435,Male,Urban,No,Graduate,No,0," 500,000 "," 44,000 "," 5,000,000 ",30,1,Y
436,Female,Semiurban,,Graduate,No,," 320,000 "," 80,000 ",,20,1,Y
437,Male,Semiurban,No,Graduate,No,0," 490,000 "," 120,000 "," 2,160,000 ",30,1,Y
438,Male,Urban,Yes,Graduate,No,0," 150,000 "," 50,000 ",,30,1,Y
439,Male,Urban,No,Graduate,Yes,0," 120,000 "," 42,000 "," 2,230,000 ",30,0,N
440,Female,Rural,Yes,Intermediate,Yes,0," 300,000 "," 50,000 "," 4,590,000 ",30,1,Y
441,Male,Semiurban,No,Graduate,No,0," 370,000 "," 120,000 "," 4,340,000 ",30,1,Y
442,Male,Rural,Yes,Graduate,No,0," 160,000 "," 80,000 "," 3,490,000 ",30,1,Y
443,Male,Semiurban,No,Intermediate,No,3+," 360,000 "," 60,000 "," 2,480,000 ",30,1,Y
444,Male,Semiurban,No,Graduate,No,1," 340,000 "," 190,000 "," 3,480,000 ",30,1,Y
445,Male,Rural,Yes,Graduate,No,0," 410,000 "," 160,000 "," 2,730,000 ",25,,Y
446,Male,Rural,Yes,Graduate,Yes,1," 130,000 "," 90,000 "," 3,580,000 ",30,1,Y
447,Male,Rural,Yes,Intermediate,No,2," 200,000 "," 130,000 "," 2,180,000 ",30,1,Y
448,Male,Rural,Yes,Graduate,,0," 310,000 "," 90,000 "," 2,220,000 ",30,1,N
449,Male,Rural,Yes,Graduate,No,2," 260,000 "," 100,000 "," 3,620,000 ",30,0,N
450,Male,Semiurban,No,Intermediate,Yes,1," 280,000 "," 70,000 "," 2,770,000 ",30,,N
451,Male,Rural,Yes,Intermediate,No,2," 150,000 "," 110,000 "," 3,950,000 ",30,0,N
452,Male,Urban,Yes,Intermediate,No,2," 140,000 "," 70,000 "," 2,070,000 ",25,,Y
453,Male,Rural,Yes,Graduate,No,0," 480,000 "," 97,000 "," 4,000,000 ",30,0,N
454,Male,Rural,Yes,Graduate,No,0," 390,000 "," 140,000 "," 3,650,000 ",15,0,Y
455,Male,Semiurban,No,Graduate,Yes,0," 240,000 "," 140,000 "," 3,610,000 ",30,1,Y
456,Male,Semiurban,Yes,Graduate,No,2," 210,000 "," 130,000 "," 4,370,000 ",30,1,Y
457,Male,Urban,Yes,Graduate,No,0," 370,000 "," 110,000 "," 3,390,000 ",30,1,Y
458,Male,Urban,Yes,Graduate,No,0," 220,000 "," 200,000 "," 2,700,000 ",30,1,N
459,Male,Rural,No,Graduate,No,2," 460,000 "," 80,000 "," 2,020,000 ",30,1,Y
460,Male,Semiurban,Yes,Graduate,No,0," 140,000 "," 50,000 "," 3,610,000 ",30,1,N
461,,Semiurban,Yes,Graduate,Yes,0," 380,000 "," 70,000 "," 4,450,000 ",30,,Y
462,Male,Urban,Yes,Graduate,No,3+," 310,000 "," 60,000 "," 3,810,000 ",15,1,Y
463,Male,Rural,Yes,Graduate,No,0," 230,000 "," 61,000 "," 3,130,000 ",30,1,Y
464,Female,Semiurban,No,Intermediate,,1," 420,000 "," 160,000 "," 4,280,000 ",30,1,Y
465,Male,Semiurban,No,Graduate,No,0," 470,000 "," 180,000 "," 2,100,000 ",30,0,N
466,Male,Rural,No,Graduate,No,0," 300,000 "," 110,000 "," 2,210,000 ",30,1,Y
467,Male,Urban,Yes,Intermediate,No,3+," 250,000 "," 70,000 "," 4,930,000 ",15,0,N
468,,Semiurban,Yes,Graduate,No,0," 230,000 "," 120,000 "," 4,300,000 ",30,1,Y
469,Female,Semiurban,Yes,Intermediate,,2," 380,000 "," 180,000 "," 3,870,000 ",30,1,Y
470,Male,Urban,Yes,Graduate,No,0," 280,000 "," 160,000 "," 2,080,000 ",30,1,N
471,Male,Semiurban,Yes,Graduate,Yes,1," 200,000 "," 130,000 "," 2,580,000 ",30,1,Y
472,Male,Rural,Yes,Intermediate,No,1," 490,000 "," 100,000 "," 2,760,000 ",15,0,N
473,Male,Semiurban,Yes,Graduate,No,3+," 230,000 "," 160,000 "," 3,630,000 ",30,1,Y
474,Female,Urban,No,Graduate,Yes,0," 260,000 "," 110,000 "," 3,710,000 ",30,,Y
475,Male,Rural,No,Graduate,No,2," 160,000 "," 60,000 "," 3,320,000 ",30,1,Y
476,Male,Rural,Yes,Graduate,Yes,2," 320,000 "," 180,000 "," 2,360,000 ",30,1,Y
477,Male,Semiurban,Yes,Graduate,No,2," 450,000 "," 130,000 "," 4,990,000 ",25,1,Y
478,,Semiurban,Yes,Graduate,No,2," 190,000 "," 60,000 "," 4,180,000 ",30,0,N
479,Male,Semiurban,Yes,Graduate,Yes,1," 150,000 "," 70,000 "," 3,830,000 ",30,1,Y
480,Male,Urban,Yes,Graduate,No,2," 330,000 "," 90,000 ",,30,1,N
481,Female,Rural,No,Intermediate,No,0," 270,000 "," 120,000 "," 2,780,000 ",30,1,Y
482,Male,Rural,Yes,Intermediate,No,3+," 160,000 "," 80,000 "," 4,120,000 ",30,1,Y
483,Male,Semiurban,Yes,Graduate,No,0," 220,000 "," 120,000 "," 3,680,000 ",30,1,Y
484,Male,Semiurban,Yes,Graduate,No,0," 160,000 "," 90,000 "," 3,750,000 ",30,1,Y
485,Male,Semiurban,Yes,Graduate,No,2," 230,000 "," 130,000 "," 2,740,000 ",30,1,Y
486,Male,Rural,Yes,Intermediate,No,1," 400,000 "," 126,000 "," 4,890,000 ",30,1,Y
487,Male,Rural,No,Graduate,No,2," 450,000 "," 120,000 "," 2,840,000 ",30,0,N
488,Male,Urban,Yes,Graduate,No,1," 280,000 "," 60,000 "," 4,090,000 ",30,1,N
489,Male,Semiurban,Yes,Graduate,Yes,2," 230,000 "," 130,000 "," 4,370,000 ",30,1,Y
490,Male,Urban,No,Graduate,No,0," 320,000 "," 70,000 "," 2,310,000 ",30,1,N
491,Male,Semiurban,No,Intermediate,No,0," 190,000 "," 23,000 "," 4,660,000 ",30,,Y
492,Male,Urban,Yes,Intermediate,No,1," 420,000 "," 70,000 "," 2,500,000 ",30,,Y
493,Male,Rural,No,Intermediate,No,0," 430,000 "," 130,000 "," 4,750,000 ",30,1,Y
494,Female,Semiurban,No,Intermediate,Yes,0," 370,000 "," 83,000 "," 4,890,000 ",30,1,Y
495,Male,Rural,Yes,Graduate,No,0," 240,000 "," 140,000 "," 2,610,000 ",30,0,N
496,Female,Semiurban,Yes,Graduate,No,1," 440,000 "," 80,000 "," 3,010,000 ",7,1,Y
497,Male,Rural,Yes,Intermediate,No,0," 300,000 "," 100,000 "," 3,640,000 ",30,1,Y
498,Male,Urban,Yes,Graduate,No,0," 460,000 "," 80,000 "," 2,410,000 ",1,,Y
499,Male,Semiurban,Yes,Graduate,Yes,1," 480,000 "," 100,000 "," 3,300,000 ",30,1,Y
500,Male,Rural,No,Graduate,No,0," 460,000 "," 60,000 "," 2,740,000 ",30,0,N
501,Female,Rural,No,Graduate,No,0," 230,000 "," 190,000 "," 3,500,000 ",40,1,Y
502,Female,Semiurban,No,Graduate,No,0," 490,000 "," 50,000 "," 3,410,000 ",30,1,Y
503,Male,Semiurban,Yes,Graduate,No,2," 140,000 "," 44,000 "," 4,940,000 ",30,1,Y
504,Male,Rural,Yes,Intermediate,No,1," 280,000 "," 100,000 "," 4,850,000 ",30,,N
505,Male,Semiurban,Yes,Intermediate,No,0," 320,000 "," 70,000 "," 2,000,000 ",25,1,Y
506,Male,Rural,Yes,Graduate,No,2," 490,000 "," 88,000 "," 2,180,000 ",30,1,Y
507,Male,Urban,Yes,Graduate,No,0," 420,000 "," 150,000 "," 4,650,000 ",30,,Y
508,,Urban,No,Graduate,No,0," 150,000 "," 100,000 "," 2,980,000 ",30,1,N
509,Male,Urban,Yes,Graduate,Yes,0," 450,000 "," 70,000 "," 2,780,000 ",30,1,Y
510,Female,Urban,No,Graduate,No,1," 490,000 "," 190,000 "," 3,480,000 ",30,1,Y
511,Male,Rural,No,Intermediate,No,0," 190,000 "," 130,000 "," 3,450,000 ",30,1,N
512,Male,Semiurban,Yes,Graduate,No,1," 310,000 "," 190,000 "," 2,320,000 ",30,1,Y
513,Male,Urban,Yes,Graduate,No,2," 170,000 "," 160,000 "," 3,980,000 ",30,1,Y
514,Male,Semiurban,Yes,Graduate,No,0," 480,000 "," 100,000 "," 4,510,000 ",15,1,N
515,Male,Rural,No,Graduate,No,0," 160,000 "," 70,000 "," 3,630,000 ",30,1,N
516,Male,Rural,Yes,Graduate,No,3+," 360,000 "," 190,000 "," 4,770,000 ",30,1,Y
517,Female,Semiurban,Yes,Graduate,No,2," 330,000 "," 170,000 "," 3,940,000 ",40,1,Y
518,Male,Semiurban,Yes,Primary,No,," 230,000 "," 70,000 "," 3,950,000 ",30,0,N
519,Male,Semiurban,No,Graduate,No,0," 140,000 "," 39,000 "," 4,190,000 ",30,1,N
520,Female,Rural,No,Primary,No,0," 160,000 "," 140,000 "," 4,480,000 ",30,1,N
521,Male,Semiurban,Yes,Primary,No,2," 380,000 "," 130,000 "," 2,850,000 ",30,1,Y
522,Male,Semiurban,No,Graduate,No,0," 340,000 "," 120,000 "," 4,920,000 ",30,1,Y
523,Male,Rural,Yes,Graduate,Yes,3+," 210,000 "," 180,000 "," 2,080,000 ",30,1,Y
524,Male,Rural,Yes,Graduate,Yes,2," 370,000 "," 130,000 "," 3,740,000 ",30,1,Y
525,Male,Semiurban,No,Graduate,No,0," 150,000 "," 110,000 ",,30,1,N
526,Male,Rural,Yes,Graduate,Yes,2," 290,000 "," 100,000 "," 3,230,000 ",30,1,Y
527,Male,Semiurban,Yes,Graduate,No,0," 350,000 "," 150,000 "," 3,130,000 ",30,1,Y
528,Male,Semiurban,Yes,Primary,No,1," 240,000 "," 90,000 "," 3,420,000 ",30,0,Y
529,Male,Semiurban,No,Primary,No,1," 310,000 "," 150,000 "," 4,580,000 ",30,1,Y
530,Male,Semiurban,No,Intermediate,No,0," 410,000 "," 70,000 "," 4,490,000 ",30,1,Y
531,Male,Rural,Yes,Graduate,No,0," 300,000 "," 110,000 "," 3,010,000 ",30,,Y
532,Male,Urban,Yes,Graduate,No,3+," 120,000 "," 58,000 "," 2,940,000 ",30,1,Y
533,Male,Rural,No,Graduate,No,2," 450,000 "," 130,000 "," 2,970,000 ",30,0,N
534,Male,Semiurban,No,Graduate,No,1," 360,000 "," 100,000 "," 4,010,000 ",30,,N
535,Female,Urban,No,Intermediate,Yes,0," 300,000 "," 70,000 "," 3,810,000 ",30,1,Y
536,Male,Rural,No,Intermediate,,0," 380,000 "," 190,000 "," 3,470,000 ",30,1,Y
537,Male,Urban,Yes,Graduate,No,0," 210,000 "," 100,000 "," 3,900,000 ",30,1,Y
538,Male,Semiurban,No,Graduate,No,2," 480,000 "," 140,000 "," 2,090,000 ",30,1,Y
539,Male,Rural,Yes,Intermediate,No,0," 260,000 "," 80,000 "," 2,920,000 ",30,1,N
540,Male,Rural,Yes,Graduate,No,3+," 470,000 "," 180,000 "," 3,460,000 ",15,1,Y
541,Female,Semiurban,Yes,Graduate,No,1," 160,000 "," 130,000 "," 4,980,000 ",15,1,Y
542,Female,Semiurban,No,Graduate,No,0," 270,000 "," 58,000 "," 2,410,000 ",30,0,N
543,Female,Semiurban,No,Graduate,,1," 460,000 "," 100,000 "," 3,880,000 ",30,1,Y
544,Male,Urban,Yes,Intermediate,No,1," 100,000 "," 98,000 "," 3,710,000 ",30,1,Y
545,Female,Semiurban,Yes,Intermediate,No,0," 110,000 "," 10,000 "," 4,260,000 ",30,,Y
546,Male,Rural,Yes,Graduate,No,0," 370,000 "," 150,000 "," 2,720,000 ",30,1,Y
547,Male,Semiurban,No,Intermediate,No,0," 370,000 "," 180,000 "," 4,100,000 ",3,1,N
548,Male,Rural,No,Graduate,No,0," 380,000 "," 80,000 "," 2,910,000 ",30,1,Y
549,Female,Semiurban,No,Graduate,No,0," 140,000 "," 140,000 "," 3,410,000 ",30,0,N
550,Male,Rural,Yes,Graduate,No,0," 270,000 "," 80,000 "," 2,640,000 ",30,1,Y
551,Male,Rural,Yes,Graduate,Yes,2," 320,000 "," 75,000 ",,30,0,N
552,Male,Rural,Yes,Intermediate,No,1," 200,000 "," 130,000 ",,30,1,Y
553,Male,Urban,Yes,Graduate,No,1," 380,000 "," 120,000 "," 4,740,000 ",30,1,Y
554,Male,Urban,Yes,Intermediate,No,0," 450,000 "," 190,000 "," 3,100,000 ",30,0,N
555,Male,Rural,Yes,Graduate,No,0," 430,000 "," 180,000 "," 3,480,000 ",15,0,N
556,Male,Semiurban,Yes,Graduate,No,1," 430,000 "," 100,000 "," 2,060,000 ",30,1,Y
557,Female,Urban,No,Graduate,No,0," 430,000 "," 170,000 "," 4,630,000 ",30,,Y
558,Male,Semiurban,Yes,Graduate,Yes,3+," 290,000 "," 100,000 "," 4,540,000 ",30,1,Y
559,Male,Semiurban,Yes,Graduate,No,0," 320,000 "," 190,000 "," 2,670,000 ",30,1,Y
560,Female,Semiurban,Yes,Graduate,No,0," 200,000 "," 120,000 "," 4,800,000 ",30,1,Y
561,Male,Semiurban,Yes,Intermediate,No,2," 130,000 "," 31,000 "," 2,320,000 ",30,1,Y
562,Female,Semiurban,Yes,Graduate,Yes,1," 340,000 "," 140,000 "," 2,110,000 ",30,1,Y
563,Male,Rural,Yes,Graduate,No,0," 440,000 "," 180,000 "," 4,960,000 ",30,1,Y
564,Male,Semiurban,No,Intermediate,Yes,0," 490,000 "," 110,000 "," 2,830,000 ",30,1,Y
565,Male,Urban,Yes,Graduate,No,2," 160,000 "," 46,000 "," 4,010,000 ",30,0,N
566,Male,Rural,Yes,Intermediate,No,0," 140,000 "," 140,000 "," 3,670,000 ",30,,Y
567,Male,Urban,No,Graduate,No,0," 390,000 "," 110,000 "," 3,950,000 ",30,1,Y
568,Male,Rural,Yes,Graduate,No,3+," 410,000 "," 110,000 "," 4,680,000 ",30,0,N
569,Female,Urban,No,Graduate,No,0," 370,000 "," 90,000 "," 3,260,000 ",30,1,N
570,Male,Urban,Yes,Graduate,No,0," 390,000 "," 120,000 "," 3,080,000 ",30,0,N
571,Male,Urban,Yes,Graduate,No,1," 290,000 "," 70,000 "," 4,350,000 ",30,1,Y
572,Male,Urban,Yes,Graduate,No,," 500,000 "," 180,000 "," 2,310,000 ",30,0,N
573,Male,Urban,Yes,Graduate,No,2," 350,000 "," 130,000 "," 3,750,000 ",30,1,Y
574,Male,Semiurban,Yes,Intermediate,No,2," 270,000 "," 60,000 "," 2,130,000 ",40,1,N
575,Male,Semiurban,Yes,Graduate,No,3+," 200,000 "," 190,000 "," 2,980,000 ",30,1,N
576,Male,Urban,Yes,Graduate,No,2," 230,000 "," 120,000 "," 3,370,000 ",7,1,Y
577,,Semiurban,Yes,Graduate,No,0," 270,000 "," 100,000 "," 2,120,000 ",30,0,N
578,Male,Urban,No,Graduate,No,0," 350,000 "," 190,000 "," 4,910,000 ",30,1,Y
579,Male,Rural,Yes,Graduate,No,1," 150,000 "," 100,000 "," 3,050,000 ",30,1,Y
580,Male,Urban,No,Graduate,,0," 290,000 "," 110,000 "," 3,240,000 ",30,1,Y
581,Male,Semiurban,Yes,Graduate,No,2," 390,000 "," 100,000 "," 3,230,000 ",30,1,Y
582,Male,Urban,No,Graduate,No,0," 200,000 "," 170,000 "," 2,580,000 ",30,1,N
583,Female,Semiurban,Yes,Graduate,No,0," 240,000 "," 180,000 "," 3,240,000 ",30,1,Y
584,Male,Rural,Yes,Graduate,No,1," 290,000 "," 120,000 "," 2,810,000 ",30,,N
585,Male,Rural,Yes,Graduate,No,1," 400,000 "," 170,000 "," 4,510,000 ",30,0,N
586,Male,Rural,Yes,Graduate,No,1," 350,000 "," 89,000 "," 2,770,000 ",7,1,N
587,Male,Urban,Yes,Graduate,No,0," 320,000 "," 190,000 "," 4,860,000 ",30,1,Y
588,Female,Semiurban,No,Intermediate,No,0," 450,000 "," 180,000 "," 3,710,000 ",30,1,Y
589,,Semiurban,No,Graduate,No,0," 250,000 "," 70,000 "," 2,940,000 ",30,1,Y
590,Male,Semiurban,Yes,Graduate,Yes,2," 250,000 "," 110,000 "," 4,690,000 ",30,0,N
591,Male,Semiurban,Yes,Graduate,No,0," 190,000 "," 90,000 "," 4,770,000 ",15,1,Y
592,Male,Semiurban,Yes,Graduate,Yes,2," 230,000 "," 140,000 "," 3,290,000 ",20,1,N
593,,Semiurban,No,Graduate,Yes,3+," 350,000 "," 180,000 "," 3,110,000 ",30,1,Y
594,Male,Rural,Yes,Graduate,No,0," 250,000 "," 100,000 "," 3,000,000 ",15,1,Y
595,Male,Urban,Yes,Graduate,Yes,0," 150,000 "," 80,000 "," 3,250,000 ",30,1,Y
596,Male,Rural,No,Intermediate,No,0," 240,000 "," 120,000 "," 3,620,000 ",30,1,Y
597,Male,Rural,Yes,Intermediate,Yes,2," 300,000 "," 110,000 "," 2,140,000 ",30,1,N
598,Male,Semiurban,No,Graduate,No,," 290,000 "," 70,000 "," 4,790,000 ",30,0,N
599,Male,Rural,Yes,Graduate,Yes,0," 350,000 "," 90,000 "," 2,920,000 ",30,1,Y
600,Male,Urban,Yes,Graduate,No,2," 380,000 "," 190,000 "," 2,800,000 ",30,1,Y
